Nome Elemento,ID Elemento,Categoria,Fase,Stato
Pavimento: ARC_PAV_PRE_Gen100_100mm,175136,Pavimenti,ScanToBIM_Luglio24,1
Pavimento: ARC_PAV_PRE_Gen50_50mm,358403,Pavimenti,ScanToBIM_Luglio24,1
Pavimento: ARC_PAV_PRE_Gen5_5mm,389634,Pavimenti,ScanToBIM_Luglio24,1
Pavimento: ARC_PAV_PRE_Gen5_5mm,389670,Pavimenti,ScanToBIM_Luglio24,1
Pavimento: ARC_PAV_PRE_Gen5_5mm,389755,Pavimenti,ScanToBIM_Luglio24,1
Pavimento: ARC_PAV_PRE_Gen5_5mm,685601,Pavimenti,ScanToBIM_Luglio24,1
Pavimento: ARC_PAV_PRE_Gen5_5mm,688128,Pavimenti,ScanToBIM_Luglio24,1
Pavimento: ARC_PAV_PRE_Gen160_160mm,815764,Pavimenti,ScanToBIM_Luglio24,1
Pavimento: ARC_PAV_PRE_Gen160_160mm,817830,Pavimenti,ScanToBIM_Luglio24,1
Pavimento: ARC_PAV_PRE_Gen40_40mm,819943,Pavimenti,ScanToBIM_Luglio24,1
Pavimento: ARC_PAV_PRE_Gen5_5mm,874350,Pavimenti,ScanToBIM_Luglio24,1
Pavimento: ARC_PAV_PRE_Gen5_5mm,938915,Pavimenti,ScanToBIM_Luglio24,1
Pavimento: ARC_PAV_PRE_Gen5_5mm,939029,Pavimenti,ScanToBIM_Luglio24,1
Pavimento: ARC_PAV_PRE_Gen5_5mm,939351,Pavimenti,ScanToBIM_Luglio24,1
Pavimento: ARC_PAV_PRE_Gen5_5mm,939474,Pavimenti,ScanToBIM_Luglio24,1
Pavimento: ARC_PAV_PRE_Gen5_5mm,939579,Pavimenti,ScanToBIM_Luglio24,1
Pavimento: ARC_PAV_PRE_Gen300_300mm,981000,Pavimenti,ScanToBIM_Luglio24,1
Pavimento: ARC_PAV_PRE_Gen5_5mm,982210,Pavimenti,ScanToBIM_Luglio24,1
Pavimento: ARC_PAV_PRE_Gen22_22mm,987313,Pavimenti,ScanToBIM_Luglio24,1
Pavimento: ARC_PAV_PRE_Gen22_22mm,1148573,Pavimenti,ScanToBIM_Luglio24,1
Pavimento: ARC_PAV_PRE_Gen5_5mm,1148817,Pavimenti,ScanToBIM_Luglio24,1
Pavimento: ARC_PAV_PRE_Gen22_22mm,1149081,Pavimenti,ScanToBIM_Luglio24,1
Pavimento: ARC_PAV_PRE_Gen22_22mm,1149088,Pavimenti,ScanToBIM_Luglio24,1
Pavimento: ARC_PAV_PRE_Gen22_22mm,1180599,Pavimenti,ScanToBIM_Luglio24,1
Pavimento: ARC_PAV_PRE_Gen22_22mm,1180707,Pavimenti,ScanToBIM_Luglio24,1
Pavimento: ARC_PAV_PRE_Gen5_5mm,1202440,Pavimenti,ScanToBIM_Luglio24,1
Pavimento: ARC_PAV_PRE_Gen5_5mm,1224923,Pavimenti,ScanToBIM_Luglio24,1
Pavimento: ARC_PAV_PRE_Gen5_5mm,1228712,Pavimenti,ScanToBIM_Luglio24,1
Pavimento: ARC_PAV_PRE_Gen22_22mm,1229014,Pavimenti,ScanToBIM_Luglio24,1
Pavimento: ARC_PAV_PRE_Gen22_22mm,1229021,Pavimenti,ScanToBIM_Luglio24,1
Pavimento: ARC_PAV_PRE_Gen22_22mm,1229028,Pavimenti,ScanToBIM_Luglio24,1
Pavimento: ARC_PAV_PRE_Gen22_22mm,1229035,Pavimenti,ScanToBIM_Luglio24,1
Pavimento: ARC_PAV_PRE_Gen5_5mm,1237731,Pavimenti,ScanToBIM_Luglio24,1
Pavimento: ARC_PAV_PRE_Gen22_22mm,1237737,Pavimenti,ScanToBIM_Luglio24,1
Pavimento: ARC_PAV_PRE_Gen22_22mm,1237744,Pavimenti,ScanToBIM_Luglio24,1
Pavimento: ARC_PAV_PRE_Gen22_22mm,1237771,Pavimenti,ScanToBIM_Luglio24,1
Pavimento: ARC_PAV_PRE_Gen22_22mm,1237778,Pavimenti,ScanToBIM_Luglio24,1
Pavimento: ARC_PAV_PRE_Gen5_5mm,1237807,Pavimenti,ScanToBIM_Luglio24,1
Pavimento: ARC_PAV_PRE_Gen5_5mm,1237815,Pavimenti,ScanToBIM_Luglio24,1
Pavimento: ARC_PAV_PRE_Gen5_5mm,1237846,Pavimenti,ScanToBIM_Luglio24,1
Pavimento: ARC_PAV_PRE_Gen22_22mm,1237854,Pavimenti,ScanToBIM_Luglio24,1
Pavimento: ARC_PAV_PRE_Gen22_22mm,1237861,Pavimenti,ScanToBIM_Luglio24,1
Pavimento: ARC_PAV_PRE_Gen22_22mm,1237868,Pavimenti,ScanToBIM_Luglio24,1
Pavimento: ARC_PAV_PRE_Gen22_22mm,1237875,Pavimenti,ScanToBIM_Luglio24,1
Pavimento: ARC_PAV_PRE_Gen5_5mm,1237916,Pavimenti,ScanToBIM_Luglio24,1
Pavimento: ARC_PAV_PRE_Gen22_22mm,1237922,Pavimenti,ScanToBIM_Luglio24,1
Pavimento: ARC_PAV_PRE_Gen22_22mm,1237929,Pavimenti,ScanToBIM_Luglio24,1
Pavimento: ARC_PAV_PRE_Gen22_22mm,1237956,Pavimenti,ScanToBIM_Luglio24,1
Pavimento: ARC_PAV_PRE_Gen22_22mm,1237963,Pavimenti,ScanToBIM_Luglio24,1
Pavimento: ARC_PAV_PRE_Gen5_5mm,1237992,Pavimenti,ScanToBIM_Luglio24,1
Pavimento: ARC_PAV_PRE_Gen5_5mm,1238000,Pavimenti,ScanToBIM_Luglio24,1
Pavimento: ARC_PAV_PRE_Gen5_5mm,1238031,Pavimenti,ScanToBIM_Luglio24,1
Pavimento: ARC_PAV_PRE_Gen22_22mm,1238039,Pavimenti,ScanToBIM_Luglio24,1
Pavimento: ARC_PAV_PRE_Gen22_22mm,1238046,Pavimenti,ScanToBIM_Luglio24,1
Pavimento: ARC_PAV_PRE_Gen22_22mm,1238053,Pavimenti,ScanToBIM_Luglio24,1
Pavimento: ARC_PAV_PRE_Gen22_22mm,1238060,Pavimenti,ScanToBIM_Luglio24,1
Pavimento: ARC_PAV_PRE_Gen5_5mm,1238655,Pavimenti,ScanToBIM_Luglio24,1
Pavimento: ARC_PAV_PRE_Gen22_22mm,1238661,Pavimenti,ScanToBIM_Luglio24,1
Pavimento: ARC_PAV_PRE_Gen22_22mm,1238668,Pavimenti,ScanToBIM_Luglio24,1
Pavimento: ARC_PAV_PRE_Gen22_22mm,1238692,Pavimenti,ScanToBIM_Luglio24,1
Pavimento: ARC_PAV_PRE_Gen22_22mm,1238699,Pavimenti,ScanToBIM_Luglio24,1
Pavimento: ARC_PAV_PRE_Gen5_5mm,1238728,Pavimenti,ScanToBIM_Luglio24,1
Pavimento: ARC_PAV_PRE_Gen5_5mm,1238736,Pavimenti,ScanToBIM_Luglio24,1
Pavimento: ARC_PAV_PRE_Gen5_5mm,1238767,Pavimenti,ScanToBIM_Luglio24,1
Pavimento: ARC_PAV_PRE_Gen22_22mm,1238775,Pavimenti,ScanToBIM_Luglio24,1
Pavimento: ARC_PAV_PRE_Gen22_22mm,1238781,Pavimenti,ScanToBIM_Luglio24,1
Pavimento: ARC_PAV_PRE_Gen22_22mm,1238788,Pavimenti,ScanToBIM_Luglio24,1
Pavimento: ARC_PAV_PRE_Gen22_22mm,1238795,Pavimenti,ScanToBIM_Luglio24,1
Pavimento: ARC_PAV_PRE_Gen5_5mm,1241916,Pavimenti,ScanToBIM_Luglio24,1
Pavimento: ARC_PAV_PRE_Gen22_22mm,1241922,Pavimenti,ScanToBIM_Luglio24,1
Pavimento: ARC_PAV_PRE_Gen22_22mm,1241929,Pavimenti,ScanToBIM_Luglio24,1
Pavimento: ARC_PAV_PRE_Gen22_22mm,1241953,Pavimenti,ScanToBIM_Luglio24,1
Pavimento: ARC_PAV_PRE_Gen22_22mm,1241960,Pavimenti,ScanToBIM_Luglio24,1
Pavimento: ARC_PAV_PRE_Gen5_5mm,1241989,Pavimenti,ScanToBIM_Luglio24,1
Pavimento: ARC_PAV_PRE_Gen5_5mm,1241997,Pavimenti,ScanToBIM_Luglio24,1
Pavimento: ARC_PAV_PRE_Gen5_5mm,1242028,Pavimenti,ScanToBIM_Luglio24,1
Pavimento: ARC_PAV_PRE_Gen22_22mm,1242036,Pavimenti,ScanToBIM_Luglio24,1
Pavimento: ARC_PAV_PRE_Gen22_22mm,1242042,Pavimenti,ScanToBIM_Luglio24,1
Pavimento: ARC_PAV_PRE_Gen22_22mm,1242049,Pavimenti,ScanToBIM_Luglio24,1
Pavimento: ARC_PAV_PRE_Gen22_22mm,1242056,Pavimenti,ScanToBIM_Luglio24,1
Pavimento: ARC_PAV_PRE_Gen5_5mm,1242798,Pavimenti,ScanToBIM_Luglio24,1
Pavimento: ARC_PAV_PRE_Gen22_22mm,1242804,Pavimenti,ScanToBIM_Luglio24,1
Pavimento: ARC_PAV_PRE_Gen22_22mm,1242811,Pavimenti,ScanToBIM_Luglio24,1
Pavimento: ARC_PAV_PRE_Gen22_22mm,1242835,Pavimenti,ScanToBIM_Luglio24,1
Pavimento: ARC_PAV_PRE_Gen22_22mm,1242842,Pavimenti,ScanToBIM_Luglio24,1
Pavimento: ARC_PAV_PRE_Gen5_5mm,1242871,Pavimenti,ScanToBIM_Luglio24,1
Pavimento: ARC_PAV_PRE_Gen5_5mm,1242879,Pavimenti,ScanToBIM_Luglio24,1
Pavimento: ARC_PAV_PRE_Gen5_5mm,1242910,Pavimenti,ScanToBIM_Luglio24,1
Pavimento: ARC_PAV_PRE_Gen22_22mm,1242918,Pavimenti,ScanToBIM_Luglio24,1
Pavimento: ARC_PAV_PRE_Gen22_22mm,1242924,Pavimenti,ScanToBIM_Luglio24,1
Pavimento: ARC_PAV_PRE_Gen22_22mm,1242931,Pavimenti,ScanToBIM_Luglio24,1
Pavimento: ARC_PAV_PRE_Gen22_22mm,1242938,Pavimenti,ScanToBIM_Luglio24,1
Pavimento: ARC_PAV_PRE_Gen5_5mm,1243402,Pavimenti,ScanToBIM_Luglio24,1
Pavimento: ARC_PAV_PRE_Gen22_22mm,1243408,Pavimenti,ScanToBIM_Luglio24,1
Pavimento: ARC_PAV_PRE_Gen22_22mm,1243415,Pavimenti,ScanToBIM_Luglio24,1
Pavimento: ARC_PAV_PRE_Gen22_22mm,1243439,Pavimenti,ScanToBIM_Luglio24,1
Pavimento: ARC_PAV_PRE_Gen22_22mm,1243446,Pavimenti,ScanToBIM_Luglio24,1
Pavimento: ARC_PAV_PRE_Gen5_5mm,1243475,Pavimenti,ScanToBIM_Luglio24,1
Pavimento: ARC_PAV_PRE_Gen5_5mm,1243483,Pavimenti,ScanToBIM_Luglio24,1
Pavimento: ARC_PAV_PRE_Gen5_5mm,1243514,Pavimenti,ScanToBIM_Luglio24,1
Pavimento: ARC_PAV_PRE_Gen22_22mm,1243522,Pavimenti,ScanToBIM_Luglio24,1
Pavimento: ARC_PAV_PRE_Gen22_22mm,1243528,Pavimenti,ScanToBIM_Luglio24,1
Pavimento: ARC_PAV_PRE_Gen22_22mm,1243535,Pavimenti,ScanToBIM_Luglio24,1
Pavimento: ARC_PAV_PRE_Gen22_22mm,1243542,Pavimenti,ScanToBIM_Luglio24,1
Pavimento: ARC_PAV_PRE_Gen5_5mm,1244161,Pavimenti,ScanToBIM_Luglio24,1
Pavimento: ARC_PAV_PRE_Gen22_22mm,1244167,Pavimenti,ScanToBIM_Luglio24,1
Pavimento: ARC_PAV_PRE_Gen22_22mm,1244174,Pavimenti,ScanToBIM_Luglio24,1
Pavimento: ARC_PAV_PRE_Gen22_22mm,1244198,Pavimenti,ScanToBIM_Luglio24,1
Pavimento: ARC_PAV_PRE_Gen22_22mm,1244205,Pavimenti,ScanToBIM_Luglio24,1
Pavimento: ARC_PAV_PRE_Gen5_5mm,1244234,Pavimenti,ScanToBIM_Luglio24,1
Pavimento: ARC_PAV_PRE_Gen5_5mm,1244242,Pavimenti,ScanToBIM_Luglio24,1
Pavimento: ARC_PAV_PRE_Gen5_5mm,1244273,Pavimenti,ScanToBIM_Luglio24,1
Pavimento: ARC_PAV_PRE_Gen22_22mm,1244281,Pavimenti,ScanToBIM_Luglio24,1
Pavimento: ARC_PAV_PRE_Gen22_22mm,1244287,Pavimenti,ScanToBIM_Luglio24,1
Pavimento: ARC_PAV_PRE_Gen22_22mm,1244294,Pavimenti,ScanToBIM_Luglio24,1
Pavimento: ARC_PAV_PRE_Gen22_22mm,1244301,Pavimenti,ScanToBIM_Luglio24,1
Pavimento: ARC_PAV_PRE_Gen5_5mm,1247511,Pavimenti,ScanToBIM_Luglio24,1
Pavimento: ARC_PAV_PRE_Gen22_22mm,1247517,Pavimenti,ScanToBIM_Luglio24,1
Pavimento: ARC_PAV_PRE_Gen22_22mm,1247524,Pavimenti,ScanToBIM_Luglio24,1
Pavimento: ARC_PAV_PRE_Gen22_22mm,1247548,Pavimenti,ScanToBIM_Luglio24,1
Pavimento: ARC_PAV_PRE_Gen22_22mm,1247555,Pavimenti,ScanToBIM_Luglio24,1
Pavimento: ARC_PAV_PRE_Gen5_5mm,1247584,Pavimenti,ScanToBIM_Luglio24,1
Pavimento: ARC_PAV_PRE_Gen5_5mm,1247592,Pavimenti,ScanToBIM_Luglio24,1
Pavimento: ARC_PAV_PRE_Gen5_5mm,1247623,Pavimenti,ScanToBIM_Luglio24,1
Pavimento: ARC_PAV_PRE_Gen22_22mm,1247631,Pavimenti,ScanToBIM_Luglio24,1
Pavimento: ARC_PAV_PRE_Gen22_22mm,1247637,Pavimenti,ScanToBIM_Luglio24,1
Pavimento: ARC_PAV_PRE_Gen22_22mm,1247644,Pavimenti,ScanToBIM_Luglio24,1
Pavimento: ARC_PAV_PRE_Gen22_22mm,1247651,Pavimenti,ScanToBIM_Luglio24,1
Pavimento: ARC_PAV_PRE_Gen5_5mm,1247840,Pavimenti,ScanToBIM_Luglio24,1
Pavimento: ARC_PAV_PRE_Gen5_5mm,1247921,Pavimenti,ScanToBIM_Luglio24,1
Pavimento: ARC_PAV_PRE_Gen5_5mm,1247952,Pavimenti,ScanToBIM_Luglio24,1
Pavimento: ARC_PAV_PRE_Gen22_22mm,1247960,Pavimenti,ScanToBIM_Luglio24,1
Pavimento: ARC_PAV_PRE_Gen22_22mm,1247966,Pavimenti,ScanToBIM_Luglio24,1
Pavimento: ARC_PAV_PRE_Gen22_22mm,1247973,Pavimenti,ScanToBIM_Luglio24,1
Pavimento: ARC_PAV_PRE_Gen22_22mm,1247980,Pavimenti,ScanToBIM_Luglio24,1
Pavimento: ARC_PAV_PRE_Gen5_5mm,1254415,Pavimenti,ScanToBIM_Luglio24,1
Pavimento: ARC_PAV_PRE_Gen22_22mm,1254421,Pavimenti,ScanToBIM_Luglio24,1
Pavimento: ARC_PAV_PRE_Gen22_22mm,1254428,Pavimenti,ScanToBIM_Luglio24,1
Pavimento: ARC_PAV_PRE_Gen22_22mm,1254452,Pavimenti,ScanToBIM_Luglio24,1
Pavimento: ARC_PAV_PRE_Gen22_22mm,1254459,Pavimenti,ScanToBIM_Luglio24,1
Pavimento: ARC_PAV_PRE_Gen5_5mm,1254488,Pavimenti,ScanToBIM_Luglio24,1
Pavimento: ARC_PAV_PRE_Gen5_5mm,1254496,Pavimenti,ScanToBIM_Luglio24,1
Pavimento: ARC_PAV_PRE_Gen5_5mm,1254527,Pavimenti,ScanToBIM_Luglio24,1
Pavimento: ARC_PAV_PRE_Gen22_22mm,1254535,Pavimenti,ScanToBIM_Luglio24,1
Pavimento: ARC_PAV_PRE_Gen22_22mm,1254541,Pavimenti,ScanToBIM_Luglio24,1
Pavimento: ARC_PAV_PRE_Gen22_22mm,1254548,Pavimenti,ScanToBIM_Luglio24,1
Pavimento: ARC_PAV_PRE_Gen22_22mm,1254555,Pavimenti,ScanToBIM_Luglio24,1
Pavimento: ARC_PAV_PRE_Gen5_5mm,1254595,Pavimenti,ScanToBIM_Luglio24,1
Pavimento: ARC_PAV_PRE_Gen22_22mm,1254601,Pavimenti,ScanToBIM_Luglio24,1
Pavimento: ARC_PAV_PRE_Gen22_22mm,1254608,Pavimenti,ScanToBIM_Luglio24,1
Pavimento: ARC_PAV_PRE_Gen22_22mm,1254632,Pavimenti,ScanToBIM_Luglio24,1
Pavimento: ARC_PAV_PRE_Gen22_22mm,1254639,Pavimenti,ScanToBIM_Luglio24,1
Pavimento: ARC_PAV_PRE_Gen5_5mm,1254668,Pavimenti,ScanToBIM_Luglio24,1
Pavimento: ARC_PAV_PRE_Gen5_5mm,1254676,Pavimenti,ScanToBIM_Luglio24,1
Pavimento: ARC_PAV_PRE_Gen5_5mm,1254707,Pavimenti,ScanToBIM_Luglio24,1
Pavimento: ARC_PAV_PRE_Gen22_22mm,1254715,Pavimenti,ScanToBIM_Luglio24,1
Pavimento: ARC_PAV_PRE_Gen22_22mm,1254721,Pavimenti,ScanToBIM_Luglio24,1
Pavimento: ARC_PAV_PRE_Gen22_22mm,1254728,Pavimenti,ScanToBIM_Luglio24,1
Pavimento: ARC_PAV_PRE_Gen22_22mm,1254735,Pavimenti,ScanToBIM_Luglio24,1
Pavimento: ARC_PAV_PRE_Gen5_5mm,1254775,Pavimenti,ScanToBIM_Luglio24,1
Pavimento: ARC_PAV_PRE_Gen22_22mm,1254781,Pavimenti,ScanToBIM_Luglio24,1
Pavimento: ARC_PAV_PRE_Gen22_22mm,1254788,Pavimenti,ScanToBIM_Luglio24,1
Pavimento: ARC_PAV_PRE_Gen22_22mm,1254812,Pavimenti,ScanToBIM_Luglio24,1
Pavimento: ARC_PAV_PRE_Gen22_22mm,1254819,Pavimenti,ScanToBIM_Luglio24,1
Pavimento: ARC_PAV_PRE_Gen5_5mm,1254848,Pavimenti,ScanToBIM_Luglio24,1
Pavimento: ARC_PAV_PRE_Gen5_5mm,1254856,Pavimenti,ScanToBIM_Luglio24,1
Pavimento: ARC_PAV_PRE_Gen5_5mm,1254887,Pavimenti,ScanToBIM_Luglio24,1
Pavimento: ARC_PAV_PRE_Gen22_22mm,1254895,Pavimenti,ScanToBIM_Luglio24,1
Pavimento: ARC_PAV_PRE_Gen22_22mm,1254901,Pavimenti,ScanToBIM_Luglio24,1
Pavimento: ARC_PAV_PRE_Gen22_22mm,1254908,Pavimenti,ScanToBIM_Luglio24,1
Pavimento: ARC_PAV_PRE_Gen22_22mm,1254915,Pavimenti,ScanToBIM_Luglio24,1
Pavimento: ARC_PAV_PRE_Gen5_5mm,1254955,Pavimenti,ScanToBIM_Luglio24,1
Pavimento: ARC_PAV_PRE_Gen22_22mm,1254961,Pavimenti,ScanToBIM_Luglio24,1
Pavimento: ARC_PAV_PRE_Gen22_22mm,1254968,Pavimenti,ScanToBIM_Luglio24,1
Pavimento: ARC_PAV_PRE_Gen22_22mm,1254992,Pavimenti,ScanToBIM_Luglio24,1
Pavimento: ARC_PAV_PRE_Gen22_22mm,1254999,Pavimenti,ScanToBIM_Luglio24,1
Pavimento: ARC_PAV_PRE_Gen5_5mm,1255028,Pavimenti,ScanToBIM_Luglio24,1
Pavimento: ARC_PAV_PRE_Gen5_5mm,1255036,Pavimenti,ScanToBIM_Luglio24,1
Pavimento: ARC_PAV_PRE_Gen5_5mm,1255067,Pavimenti,ScanToBIM_Luglio24,1
Pavimento: ARC_PAV_PRE_Gen22_22mm,1255075,Pavimenti,ScanToBIM_Luglio24,1
Pavimento: ARC_PAV_PRE_Gen22_22mm,1255081,Pavimenti,ScanToBIM_Luglio24,1
Pavimento: ARC_PAV_PRE_Gen22_22mm,1255088,Pavimenti,ScanToBIM_Luglio24,1
Pavimento: ARC_PAV_PRE_Gen22_22mm,1255095,Pavimenti,ScanToBIM_Luglio24,1
Pavimento: ARC_PAV_PRE_Gen5_5mm,1255135,Pavimenti,ScanToBIM_Luglio24,1
Pavimento: ARC_PAV_PRE_Gen22_22mm,1255141,Pavimenti,ScanToBIM_Luglio24,1
Pavimento: ARC_PAV_PRE_Gen22_22mm,1255148,Pavimenti,ScanToBIM_Luglio24,1
Pavimento: ARC_PAV_PRE_Gen22_22mm,1255172,Pavimenti,ScanToBIM_Luglio24,1
Pavimento: ARC_PAV_PRE_Gen22_22mm,1255179,Pavimenti,ScanToBIM_Luglio24,1
Pavimento: ARC_PAV_PRE_Gen5_5mm,1255208,Pavimenti,ScanToBIM_Luglio24,1
Pavimento: ARC_PAV_PRE_Gen5_5mm,1255216,Pavimenti,ScanToBIM_Luglio24,1
Pavimento: ARC_PAV_PRE_Gen5_5mm,1255247,Pavimenti,ScanToBIM_Luglio24,1
Pavimento: ARC_PAV_PRE_Gen22_22mm,1255255,Pavimenti,ScanToBIM_Luglio24,1
Pavimento: ARC_PAV_PRE_Gen22_22mm,1255261,Pavimenti,ScanToBIM_Luglio24,1
Pavimento: ARC_PAV_PRE_Gen22_22mm,1255268,Pavimenti,ScanToBIM_Luglio24,1
Pavimento: ARC_PAV_PRE_Gen22_22mm,1255275,Pavimenti,ScanToBIM_Luglio24,1
Pavimento: ARC_PAV_PRE_Gen5_5mm,1255587,Pavimenti,ScanToBIM_Luglio24,1
Pavimento: ARC_PAV_PRE_Gen5_5mm,1255596,Pavimenti,ScanToBIM_Luglio24,1
Pavimento: ARC_PAV_PRE_Gen5_5mm,1255625,Pavimenti,ScanToBIM_Luglio24,1
Pavimento: ARC_PAV_PRE_Gen22_22mm,1255633,Pavimenti,ScanToBIM_Luglio24,1
Pavimento: ARC_PAV_PRE_Gen22_22mm,1255639,Pavimenti,ScanToBIM_Luglio24,1
Pavimento: ARC_PAV_PRE_Gen22_22mm,1255646,Pavimenti,ScanToBIM_Luglio24,1
Pavimento: ARC_PAV_PRE_Gen22_22mm,1255653,Pavimenti,ScanToBIM_Luglio24,1
Pavimento: ARC_PAV_PRE_Gen22_22mm,1259988,Pavimenti,ScanToBIM_Luglio24,1
Pavimento: ARC_PAV_PRE_Gen5_5mm,1260499,Pavimenti,ScanToBIM_Luglio24,1
Pavimento: ARC_PAV_PRE_Gen5_5mm,1260508,Pavimenti,ScanToBIM_Luglio24,1
Pavimento: ARC_PAV_PRE_Gen5_5mm,1260537,Pavimenti,ScanToBIM_Luglio24,1
Pavimento: ARC_PAV_PRE_Gen22_22mm,1260545,Pavimenti,ScanToBIM_Luglio24,1
Pavimento: ARC_PAV_PRE_Gen22_22mm,1260551,Pavimenti,ScanToBIM_Luglio24,1
Pavimento: ARC_PAV_PRE_Gen22_22mm,1260558,Pavimenti,ScanToBIM_Luglio24,1
Pavimento: ARC_PAV_PRE_Gen22_22mm,1260565,Pavimenti,ScanToBIM_Luglio24,1
Pavimento: ARC_PAV_PRE_Gen5_5mm,1270410,Pavimenti,ScanToBIM_Luglio24,1
Pavimento: ARC_PAV_PRE_Gen22_22mm,1270416,Pavimenti,ScanToBIM_Luglio24,1
Pavimento: ARC_PAV_PRE_Gen22_22mm,1270423,Pavimenti,ScanToBIM_Luglio24,1
Pavimento: ARC_PAV_PRE_Gen22_22mm,1270447,Pavimenti,ScanToBIM_Luglio24,1
Pavimento: ARC_PAV_PRE_Gen22_22mm,1270454,Pavimenti,ScanToBIM_Luglio24,1
Pavimento: ARC_PAV_PRE_Gen5_5mm,1270483,Pavimenti,ScanToBIM_Luglio24,1
Pavimento: ARC_PAV_PRE_Gen5_5mm,1270491,Pavimenti,ScanToBIM_Luglio24,1
Pavimento: ARC_PAV_PRE_Gen5_5mm,1270522,Pavimenti,ScanToBIM_Luglio24,1
Pavimento: ARC_PAV_PRE_Gen22_22mm,1270530,Pavimenti,ScanToBIM_Luglio24,1
Pavimento: ARC_PAV_PRE_Gen22_22mm,1270536,Pavimenti,ScanToBIM_Luglio24,1
Pavimento: ARC_PAV_PRE_Gen22_22mm,1270543,Pavimenti,ScanToBIM_Luglio24,1
Pavimento: ARC_PAV_PRE_Gen22_22mm,1270550,Pavimenti,ScanToBIM_Luglio24,1
Pavimento: ARC_PAV_PRE_Gen5_5mm,1272313,Pavimenti,ScanToBIM_Luglio24,1
Pavimento: ARC_PAV_PRE_Gen22_22mm,1272319,Pavimenti,ScanToBIM_Luglio24,1
Pavimento: ARC_PAV_PRE_Gen22_22mm,1272326,Pavimenti,ScanToBIM_Luglio24,1
Pavimento: ARC_PAV_PRE_Gen22_22mm,1272350,Pavimenti,ScanToBIM_Luglio24,1
Pavimento: ARC_PAV_PRE_Gen22_22mm,1272357,Pavimenti,ScanToBIM_Luglio24,1
Pavimento: ARC_PAV_PRE_Gen5_5mm,1272386,Pavimenti,ScanToBIM_Luglio24,1
Pavimento: ARC_PAV_PRE_Gen5_5mm,1272394,Pavimenti,ScanToBIM_Luglio24,1
Pavimento: ARC_PAV_PRE_Gen5_5mm,1272425,Pavimenti,ScanToBIM_Luglio24,1
Pavimento: ARC_PAV_PRE_Gen22_22mm,1272433,Pavimenti,ScanToBIM_Luglio24,1
Pavimento: ARC_PAV_PRE_Gen22_22mm,1272439,Pavimenti,ScanToBIM_Luglio24,1
Pavimento: ARC_PAV_PRE_Gen22_22mm,1272446,Pavimenti,ScanToBIM_Luglio24,1
Pavimento: ARC_PAV_PRE_Gen22_22mm,1272453,Pavimenti,ScanToBIM_Luglio24,1
Pavimento: ARC_PAV_PRE_Gen5_5mm,1272511,Pavimenti,ScanToBIM_Luglio24,1
Pavimento: ARC_PAV_PRE_Gen22_22mm,1272517,Pavimenti,ScanToBIM_Luglio24,1
Pavimento: ARC_PAV_PRE_Gen22_22mm,1272524,Pavimenti,ScanToBIM_Luglio24,1
Pavimento: ARC_PAV_PRE_Gen22_22mm,1272548,Pavimenti,ScanToBIM_Luglio24,1
Pavimento: ARC_PAV_PRE_Gen22_22mm,1272555,Pavimenti,ScanToBIM_Luglio24,1
Pavimento: ARC_PAV_PRE_Gen5_5mm,1272584,Pavimenti,ScanToBIM_Luglio24,1
Pavimento: ARC_PAV_PRE_Gen5_5mm,1272592,Pavimenti,ScanToBIM_Luglio24,1
Pavimento: ARC_PAV_PRE_Gen5_5mm,1272623,Pavimenti,ScanToBIM_Luglio24,1
Pavimento: ARC_PAV_PRE_Gen22_22mm,1272631,Pavimenti,ScanToBIM_Luglio24,1
Pavimento: ARC_PAV_PRE_Gen22_22mm,1272637,Pavimenti,ScanToBIM_Luglio24,1
Pavimento: ARC_PAV_PRE_Gen22_22mm,1272644,Pavimenti,ScanToBIM_Luglio24,1
Pavimento: ARC_PAV_PRE_Gen22_22mm,1272651,Pavimenti,ScanToBIM_Luglio24,1
Pavimento: ARC_PAV_PRE_Gen5_5mm,1272718,Pavimenti,ScanToBIM_Luglio24,1
Pavimento: ARC_PAV_PRE_Gen22_22mm,1272724,Pavimenti,ScanToBIM_Luglio24,1
Pavimento: ARC_PAV_PRE_Gen22_22mm,1272731,Pavimenti,ScanToBIM_Luglio24,1
Pavimento: ARC_PAV_PRE_Gen22_22mm,1272755,Pavimenti,ScanToBIM_Luglio24,1
Pavimento: ARC_PAV_PRE_Gen22_22mm,1272762,Pavimenti,ScanToBIM_Luglio24,1
Pavimento: ARC_PAV_PRE_Gen5_5mm,1272791,Pavimenti,ScanToBIM_Luglio24,1
Pavimento: ARC_PAV_PRE_Gen5_5mm,1272799,Pavimenti,ScanToBIM_Luglio24,1
Pavimento: ARC_PAV_PRE_Gen5_5mm,1272830,Pavimenti,ScanToBIM_Luglio24,1
Pavimento: ARC_PAV_PRE_Gen22_22mm,1272838,Pavimenti,ScanToBIM_Luglio24,1
Pavimento: ARC_PAV_PRE_Gen22_22mm,1272844,Pavimenti,ScanToBIM_Luglio24,1
Pavimento: ARC_PAV_PRE_Gen22_22mm,1272851,Pavimenti,ScanToBIM_Luglio24,1
Pavimento: ARC_PAV_PRE_Gen22_22mm,1272858,Pavimenti,ScanToBIM_Luglio24,1
Pavimento: ARC_PAV_PRE_Gen5_5mm,1272917,Pavimenti,ScanToBIM_Luglio24,1
Pavimento: ARC_PAV_PRE_Gen22_22mm,1272923,Pavimenti,ScanToBIM_Luglio24,1
Pavimento: ARC_PAV_PRE_Gen22_22mm,1272930,Pavimenti,ScanToBIM_Luglio24,1
Pavimento: ARC_PAV_PRE_Gen22_22mm,1272954,Pavimenti,ScanToBIM_Luglio24,1
Pavimento: ARC_PAV_PRE_Gen22_22mm,1272961,Pavimenti,ScanToBIM_Luglio24,1
Pavimento: ARC_PAV_PRE_Gen5_5mm,1272990,Pavimenti,ScanToBIM_Luglio24,1
Pavimento: ARC_PAV_PRE_Gen5_5mm,1272998,Pavimenti,ScanToBIM_Luglio24,1
Pavimento: ARC_PAV_PRE_Gen5_5mm,1273029,Pavimenti,ScanToBIM_Luglio24,1
Pavimento: ARC_PAV_PRE_Gen22_22mm,1273037,Pavimenti,ScanToBIM_Luglio24,1
Pavimento: ARC_PAV_PRE_Gen22_22mm,1273043,Pavimenti,ScanToBIM_Luglio24,1
Pavimento: ARC_PAV_PRE_Gen22_22mm,1273050,Pavimenti,ScanToBIM_Luglio24,1
Pavimento: ARC_PAV_PRE_Gen22_22mm,1273057,Pavimenti,ScanToBIM_Luglio24,1
Pavimento: ARC_PAV_PRE_Gen5_5mm,1273315,Pavimenti,ScanToBIM_Luglio24,1
Pavimento: ARC_PAV_PRE_Gen5_5mm,1273324,Pavimenti,ScanToBIM_Luglio24,1
Pavimento: ARC_PAV_PRE_Gen5_5mm,1273353,Pavimenti,ScanToBIM_Luglio24,1
Pavimento: ARC_PAV_PRE_Gen22_22mm,1273361,Pavimenti,ScanToBIM_Luglio24,1
Pavimento: ARC_PAV_PRE_Gen22_22mm,1273367,Pavimenti,ScanToBIM_Luglio24,1
Pavimento: ARC_PAV_PRE_Gen22_22mm,1273374,Pavimenti,ScanToBIM_Luglio24,1
Pavimento: ARC_PAV_PRE_Gen22_22mm,1273381,Pavimenti,ScanToBIM_Luglio24,1
Pavimento: ARC_PAV_PRE_Gen5_5mm,1273674,Pavimenti,ScanToBIM_Luglio24,1
Pavimento: ARC_PAV_PRE_Gen22_22mm,1273680,Pavimenti,ScanToBIM_Luglio24,1
Pavimento: ARC_PAV_PRE_Gen22_22mm,1273687,Pavimenti,ScanToBIM_Luglio24,1
Pavimento: ARC_PAV_PRE_Gen22_22mm,1273711,Pavimenti,ScanToBIM_Luglio24,1
Pavimento: ARC_PAV_PRE_Gen22_22mm,1273718,Pavimenti,ScanToBIM_Luglio24,1
Pavimento: ARC_PAV_PRE_Gen5_5mm,1273747,Pavimenti,ScanToBIM_Luglio24,1
Pavimento: ARC_PAV_PRE_Gen5_5mm,1273755,Pavimenti,ScanToBIM_Luglio24,1
Pavimento: ARC_PAV_PRE_Gen5_5mm,1273786,Pavimenti,ScanToBIM_Luglio24,1
Pavimento: ARC_PAV_PRE_Gen22_22mm,1273794,Pavimenti,ScanToBIM_Luglio24,1
Pavimento: ARC_PAV_PRE_Gen22_22mm,1273800,Pavimenti,ScanToBIM_Luglio24,1
Pavimento: ARC_PAV_PRE_Gen22_22mm,1273807,Pavimenti,ScanToBIM_Luglio24,1
Pavimento: ARC_PAV_PRE_Gen22_22mm,1273814,Pavimenti,ScanToBIM_Luglio24,1
Pavimento: ARC_PAV_PRE_Gen5_5mm,1274069,Pavimenti,ScanToBIM_Luglio24,1
Pavimento: ARC_PAV_PRE_Gen22_22mm,1274075,Pavimenti,ScanToBIM_Luglio24,1
Pavimento: ARC_PAV_PRE_Gen22_22mm,1274082,Pavimenti,ScanToBIM_Luglio24,1
Pavimento: ARC_PAV_PRE_Gen22_22mm,1274106,Pavimenti,ScanToBIM_Luglio24,1
Pavimento: ARC_PAV_PRE_Gen22_22mm,1274113,Pavimenti,ScanToBIM_Luglio24,1
Pavimento: ARC_PAV_PRE_Gen5_5mm,1274142,Pavimenti,ScanToBIM_Luglio24,1
Pavimento: ARC_PAV_PRE_Gen5_5mm,1274150,Pavimenti,ScanToBIM_Luglio24,1
Pavimento: ARC_PAV_PRE_Gen5_5mm,1274181,Pavimenti,ScanToBIM_Luglio24,1
Pavimento: ARC_PAV_PRE_Gen22_22mm,1274189,Pavimenti,ScanToBIM_Luglio24,1
Pavimento: ARC_PAV_PRE_Gen22_22mm,1274195,Pavimenti,ScanToBIM_Luglio24,1
Pavimento: ARC_PAV_PRE_Gen22_22mm,1274202,Pavimenti,ScanToBIM_Luglio24,1
Pavimento: ARC_PAV_PRE_Gen22_22mm,1274209,Pavimenti,ScanToBIM_Luglio24,1
Pavimento: ARC_PAV_PRE_Gen5_5mm,1274256,Pavimenti,ScanToBIM_Luglio24,1
Pavimento: ARC_PAV_PRE_Gen22_22mm,1274262,Pavimenti,ScanToBIM_Luglio24,1
Pavimento: ARC_PAV_PRE_Gen22_22mm,1274269,Pavimenti,ScanToBIM_Luglio24,1
Pavimento: ARC_PAV_PRE_Gen22_22mm,1274293,Pavimenti,ScanToBIM_Luglio24,1
Pavimento: ARC_PAV_PRE_Gen22_22mm,1274300,Pavimenti,ScanToBIM_Luglio24,1
Pavimento: ARC_PAV_PRE_Gen5_5mm,1274329,Pavimenti,ScanToBIM_Luglio24,1
Pavimento: ARC_PAV_PRE_Gen5_5mm,1274337,Pavimenti,ScanToBIM_Luglio24,1
Pavimento: ARC_PAV_PRE_Gen5_5mm,1274368,Pavimenti,ScanToBIM_Luglio24,1
Pavimento: ARC_PAV_PRE_Gen22_22mm,1274376,Pavimenti,ScanToBIM_Luglio24,1
Pavimento: ARC_PAV_PRE_Gen22_22mm,1274382,Pavimenti,ScanToBIM_Luglio24,1
Pavimento: ARC_PAV_PRE_Gen22_22mm,1274389,Pavimenti,ScanToBIM_Luglio24,1
Pavimento: ARC_PAV_PRE_Gen22_22mm,1274396,Pavimenti,ScanToBIM_Luglio24,1
Pavimento: ARC_PAV_PRE_Gen5_5mm,1274443,Pavimenti,ScanToBIM_Luglio24,1
Pavimento: ARC_PAV_PRE_Gen22_22mm,1274449,Pavimenti,ScanToBIM_Luglio24,1
Pavimento: ARC_PAV_PRE_Gen22_22mm,1274456,Pavimenti,ScanToBIM_Luglio24,1
Pavimento: ARC_PAV_PRE_Gen22_22mm,1274480,Pavimenti,ScanToBIM_Luglio24,1
Pavimento: ARC_PAV_PRE_Gen22_22mm,1274487,Pavimenti,ScanToBIM_Luglio24,1
Pavimento: ARC_PAV_PRE_Gen5_5mm,1274516,Pavimenti,ScanToBIM_Luglio24,1
Pavimento: ARC_PAV_PRE_Gen5_5mm,1274524,Pavimenti,ScanToBIM_Luglio24,1
Pavimento: ARC_PAV_PRE_Gen5_5mm,1274555,Pavimenti,ScanToBIM_Luglio24,1
Pavimento: ARC_PAV_PRE_Gen22_22mm,1274563,Pavimenti,ScanToBIM_Luglio24,1
Pavimento: ARC_PAV_PRE_Gen22_22mm,1274569,Pavimenti,ScanToBIM_Luglio24,1
Pavimento: ARC_PAV_PRE_Gen22_22mm,1274576,Pavimenti,ScanToBIM_Luglio24,1
Pavimento: ARC_PAV_PRE_Gen22_22mm,1274583,Pavimenti,ScanToBIM_Luglio24,1
Pavimento: ARC_PAV_PRE_Gen5_5mm,1274653,Pavimenti,ScanToBIM_Luglio24,1
Pavimento: ARC_PAV_PRE_Gen22_22mm,1274659,Pavimenti,ScanToBIM_Luglio24,1
Pavimento: ARC_PAV_PRE_Gen22_22mm,1274666,Pavimenti,ScanToBIM_Luglio24,1
Pavimento: ARC_PAV_PRE_Gen22_22mm,1274690,Pavimenti,ScanToBIM_Luglio24,1
Pavimento: ARC_PAV_PRE_Gen22_22mm,1274697,Pavimenti,ScanToBIM_Luglio24,1
Pavimento: ARC_PAV_PRE_Gen5_5mm,1274726,Pavimenti,ScanToBIM_Luglio24,1
Pavimento: ARC_PAV_PRE_Gen5_5mm,1274734,Pavimenti,ScanToBIM_Luglio24,1
Pavimento: ARC_PAV_PRE_Gen5_5mm,1274765,Pavimenti,ScanToBIM_Luglio24,1
Pavimento: ARC_PAV_PRE_Gen22_22mm,1274773,Pavimenti,ScanToBIM_Luglio24,1
Pavimento: ARC_PAV_PRE_Gen22_22mm,1274779,Pavimenti,ScanToBIM_Luglio24,1
Pavimento: ARC_PAV_PRE_Gen22_22mm,1274786,Pavimenti,ScanToBIM_Luglio24,1
Pavimento: ARC_PAV_PRE_Gen22_22mm,1274793,Pavimenti,ScanToBIM_Luglio24,1
Pavimento: ARC_PAV_PRE_Gen5_5mm,1274983,Pavimenti,ScanToBIM_Luglio24,1
Pavimento: ARC_PAV_PRE_Gen5_5mm,1274992,Pavimenti,ScanToBIM_Luglio24,1
Pavimento: ARC_PAV_PRE_Gen5_5mm,1275021,Pavimenti,ScanToBIM_Luglio24,1
Pavimento: ARC_PAV_PRE_Gen22_22mm,1275029,Pavimenti,ScanToBIM_Luglio24,1
Pavimento: ARC_PAV_PRE_Gen22_22mm,1275035,Pavimenti,ScanToBIM_Luglio24,1
Pavimento: ARC_PAV_PRE_Gen22_22mm,1275042,Pavimenti,ScanToBIM_Luglio24,1
Pavimento: ARC_PAV_PRE_Gen22_22mm,1275049,Pavimenti,ScanToBIM_Luglio24,1
Pavimento: ARC_PAV_PRE_Gen5_5mm,1293183,Pavimenti,ScanToBIM_Luglio24,1
Pavimento: ARC_PAV_PRE_Gen5_5mm,1293897,Pavimenti,ScanToBIM_Luglio24,1
Bordo solaio: ARC_PAV_PRE_Cal17_17mm,1294480,Bordi solaio,ScanToBIM_Luglio24,1
Bordo solaio: ARC_PAV_PRE_Cal17_17mm,1294728,Bordi solaio,ScanToBIM_Luglio24,1
Pavimento: ARC_PAV_PRE_Gen5_5mm,1295061,Pavimenti,ScanToBIM_Luglio24,1
Bordo solaio: ARC_PAV_PRE_Cal17_17mm,1295979,Bordi solaio,ScanToBIM_Luglio24,1
Pavimento: ARC_PAV_PRE_Gen5_5mm,1300543,Pavimenti,ScanToBIM_Luglio24,1
Pavimento: ARC_PAV_PRE_Gen5_5mm,1300550,Pavimenti,ScanToBIM_Luglio24,1
Bordo solaio: ARC_PAV_PRE_Cal17_17mm,1300554,Bordi solaio,ScanToBIM_Luglio24,1
Bordo solaio: ARC_PAV_PRE_Cal17_17mm,1300558,Bordi solaio,ScanToBIM_Luglio24,1
Pavimento: ARC_PAV_PRE_Gen5_5mm,1300562,Pavimenti,ScanToBIM_Luglio24,1
Bordo solaio: ARC_PAV_PRE_Cal17_17mm,1300570,Bordi solaio,ScanToBIM_Luglio24,1
Pavimento: ARC_PAV_PRE_Gen100_100mm,1352506,Pavimenti,ScanToBIM_Luglio24,1
Pavimento: ARC_PAV_PRE_Gen5_5mm,1590564,Pavimenti,ScanToBIM_Luglio24,1
Pavimento: ARC_PAV_PRE_Gen5_5mm,1639053,Pavimenti,ScanToBIM_Luglio24,1
Pavimento: ARC_PAV_PRE_Gen22_22mm,1639059,Pavimenti,ScanToBIM_Luglio24,1
Pavimento: ARC_PAV_PRE_Gen22_22mm,1639066,Pavimenti,ScanToBIM_Luglio24,1
Pavimento: ARC_PAV_PRE_Gen22_22mm,1639090,Pavimenti,ScanToBIM_Luglio24,1
Pavimento: ARC_PAV_PRE_Gen22_22mm,1639097,Pavimenti,ScanToBIM_Luglio24,1
Pavimento: ARC_PAV_PRE_Gen5_5mm,1639126,Pavimenti,ScanToBIM_Luglio24,1
Pavimento: ARC_PAV_PRE_Gen5_5mm,1639134,Pavimenti,ScanToBIM_Luglio24,1
Pavimento: ARC_PAV_PRE_Gen5_5mm,1639165,Pavimenti,ScanToBIM_Luglio24,1
Pavimento: ARC_PAV_PRE_Gen22_22mm,1639173,Pavimenti,ScanToBIM_Luglio24,1
Pavimento: ARC_PAV_PRE_Gen22_22mm,1639179,Pavimenti,ScanToBIM_Luglio24,1
Pavimento: ARC_PAV_PRE_Gen22_22mm,1639186,Pavimenti,ScanToBIM_Luglio24,1
Pavimento: ARC_PAV_PRE_Gen22_22mm,1639193,Pavimenti,ScanToBIM_Luglio24,1
Pavimento: ARC_PAV_PRE_Gen5_5mm,1640114,Pavimenti,ScanToBIM_Luglio24,1
Pavimento: ARC_PAV_PRE_Gen22_22mm,1640120,Pavimenti,ScanToBIM_Luglio24,1
Pavimento: ARC_PAV_PRE_Gen22_22mm,1640127,Pavimenti,ScanToBIM_Luglio24,1
Pavimento: ARC_PAV_PRE_Gen22_22mm,1640151,Pavimenti,ScanToBIM_Luglio24,1
Pavimento: ARC_PAV_PRE_Gen22_22mm,1640158,Pavimenti,ScanToBIM_Luglio24,1
Pavimento: ARC_PAV_PRE_Gen5_5mm,1640187,Pavimenti,ScanToBIM_Luglio24,1
Pavimento: ARC_PAV_PRE_Gen5_5mm,1640195,Pavimenti,ScanToBIM_Luglio24,1
Pavimento: ARC_PAV_PRE_Gen5_5mm,1640226,Pavimenti,ScanToBIM_Luglio24,1
Pavimento: ARC_PAV_PRE_Gen22_22mm,1640234,Pavimenti,ScanToBIM_Luglio24,1
Pavimento: ARC_PAV_PRE_Gen22_22mm,1640240,Pavimenti,ScanToBIM_Luglio24,1
Pavimento: ARC_PAV_PRE_Gen22_22mm,1640247,Pavimenti,ScanToBIM_Luglio24,1
Pavimento: ARC_PAV_PRE_Gen22_22mm,1640254,Pavimenti,ScanToBIM_Luglio24,1
Pavimento: ARC_PAV_PRE_Gen5_5mm,1640349,Pavimenti,ScanToBIM_Luglio24,1
Pavimento: ARC_PAV_PRE_Gen22_22mm,1640355,Pavimenti,ScanToBIM_Luglio24,1
Pavimento: ARC_PAV_PRE_Gen22_22mm,1640362,Pavimenti,ScanToBIM_Luglio24,1
Pavimento: ARC_PAV_PRE_Gen22_22mm,1640386,Pavimenti,ScanToBIM_Luglio24,1
Pavimento: ARC_PAV_PRE_Gen22_22mm,1640393,Pavimenti,ScanToBIM_Luglio24,1
Pavimento: ARC_PAV_PRE_Gen5_5mm,1640422,Pavimenti,ScanToBIM_Luglio24,1
Pavimento: ARC_PAV_PRE_Gen5_5mm,1640430,Pavimenti,ScanToBIM_Luglio24,1
Pavimento: ARC_PAV_PRE_Gen5_5mm,1640461,Pavimenti,ScanToBIM_Luglio24,1
Pavimento: ARC_PAV_PRE_Gen22_22mm,1640469,Pavimenti,ScanToBIM_Luglio24,1
Pavimento: ARC_PAV_PRE_Gen22_22mm,1640475,Pavimenti,ScanToBIM_Luglio24,1
Pavimento: ARC_PAV_PRE_Gen22_22mm,1640482,Pavimenti,ScanToBIM_Luglio24,1
Pavimento: ARC_PAV_PRE_Gen22_22mm,1640489,Pavimenti,ScanToBIM_Luglio24,1
Pavimento: ARC_PAV_PRE_Gen5_5mm,1640575,Pavimenti,ScanToBIM_Luglio24,1
Pavimento: ARC_PAV_PRE_Gen22_22mm,1640581,Pavimenti,ScanToBIM_Luglio24,1
Pavimento: ARC_PAV_PRE_Gen22_22mm,1640588,Pavimenti,ScanToBIM_Luglio24,1
Pavimento: ARC_PAV_PRE_Gen22_22mm,1640612,Pavimenti,ScanToBIM_Luglio24,1
Pavimento: ARC_PAV_PRE_Gen22_22mm,1640619,Pavimenti,ScanToBIM_Luglio24,1
Pavimento: ARC_PAV_PRE_Gen5_5mm,1640648,Pavimenti,ScanToBIM_Luglio24,1
Pavimento: ARC_PAV_PRE_Gen5_5mm,1640656,Pavimenti,ScanToBIM_Luglio24,1
Pavimento: ARC_PAV_PRE_Gen5_5mm,1640687,Pavimenti,ScanToBIM_Luglio24,1
Pavimento: ARC_PAV_PRE_Gen22_22mm,1640695,Pavimenti,ScanToBIM_Luglio24,1
Pavimento: ARC_PAV_PRE_Gen22_22mm,1640701,Pavimenti,ScanToBIM_Luglio24,1
Pavimento: ARC_PAV_PRE_Gen22_22mm,1640708,Pavimenti,ScanToBIM_Luglio24,1
Pavimento: ARC_PAV_PRE_Gen22_22mm,1640715,Pavimenti,ScanToBIM_Luglio24,1
Pavimento: ARC_PAV_PRE_Gen22_22mm,1641446,Pavimenti,ScanToBIM_Luglio24,1
Pavimento: ARC_PAV_PRE_Gen22_22mm,1641452,Pavimenti,ScanToBIM_Luglio24,1
Pavimento: ARC_PAV_PRE_Gen22_22mm,1641459,Pavimenti,ScanToBIM_Luglio24,1
Pavimento: ARC_PAV_PRE_Gen22_22mm,1641466,Pavimenti,ScanToBIM_Luglio24,1
Pavimento: ARC_PAV_PRE_Gen200_200mm,1644200,Pavimenti,ScanToBIM_Luglio24,1
Pavimento: ARC_PAV_PRE_Gen500_500mm,1644211,Pavimenti,ScanToBIM_Luglio24,1
Pavimento: ARC_PAV_PRE_Gen500_500mm,1646067,Pavimenti,ScanToBIM_Luglio24,1
Pavimento: ARC_PAV_PRE_Gen500_500mm,1648704,Pavimenti,ScanToBIM_Luglio24,1
Pavimento: ARC_PAV_PRE_Gen300_300mm,1650089,Pavimenti,ScanToBIM_Luglio24,1
Pavimento: ARC_PAV_PRE_Int10_10mm,1677835,Pavimenti,ScanToBIM_Luglio24,1
Pavimento: ARC_PAV_PRE_Int10_10mm,1689314,Pavimenti,ScanToBIM_Luglio24,1
Pavimento: ARC_PAV_PRE_Int10_10mm,1689347,Pavimenti,ScanToBIM_Luglio24,1
Pavimento: ARC_PAV_PRE_Int10_10mm,1689407,Pavimenti,ScanToBIM_Luglio24,1
Pavimento: ARC_PAV_PRE_Int10_10mm,1689414,Pavimenti,ScanToBIM_Luglio24,1
Pavimento: ARC_PAV_PRE_Gen160_160mm,1690427,Pavimenti,ScanToBIM_Luglio24,1
Pavimento: ARC_PAV_PRE_Gen160_160mm,1695441,Pavimenti,ScanToBIM_Luglio24,1
Pavimento: ARC_PAV_PRE_Gen300_300mm,1707906,Pavimenti,ScanToBIM_Luglio24,1
Pavimento: ARC_PAV_PRE_Gen160_160mm,1721595,Pavimenti,ScanToBIM_Luglio24,1
Pavimento: ARC_PAV_PRE_Gen150_150mm,1761082,Pavimenti,ScanToBIM_Luglio24,1
Pavimento: ARC_PAV_PRE_Gen150_150mm,1761096,Pavimenti,ScanToBIM_Luglio24,1
Pavimento: ARC_PAV_PRE_Gen150_150mm,1761102,Pavimenti,ScanToBIM_Luglio24,1
Pavimento: ARC_PAV_PRE_Gen150_150mm,1761112,Pavimenti,ScanToBIM_Luglio24,1
Pavimento: ARC_PAV_PRE_Gen150_150mm,1761121,Pavimenti,ScanToBIM_Luglio24,1
Pavimento: ARC_PAV_PRE_Gen150_150mm,1761166,Pavimenti,ScanToBIM_Luglio24,1
Pavimento: ARC_PAV_PRE_Gen150_150mm,1761936,Pavimenti,ScanToBIM_Luglio24,1
Pavimento: ARC_PAV_PRE_Gen22_22mm,1765118,Pavimenti,ScanToBIM_Luglio24,1
Pavimento: ARC_PAV_PRE_Gen5_5mm,1783959,Pavimenti,ScanToBIM_Luglio24,1
Pavimento: ARC_PAV_PRE_Gen5_5mm,1784630,Pavimenti,ScanToBIM_Luglio24,1
Pavimento: ARC_PAV_PRE_Gen5_5mm,1784743,Pavimenti,ScanToBIM_Luglio24,1
Pavimento: ARC_PAV_PRE_Gen5_5mm,1785305,Pavimenti,ScanToBIM_Luglio24,1
Pavimento: ARC_PAV_PRE_Gen5_5mm,1785440,Pavimenti,ScanToBIM_Luglio24,1
Pavimento: ARC_PAV_PRE_Gen5_5mm,1792649,Pavimenti,ScanToBIM_Luglio24,1
Pavimento: ARC_PAV_PRE_Gen5_5mm,1807199,Pavimenti,ScanToBIM_Luglio24,1
Pavimento: ARC_PAV_PRE_Gen160_160mm,1815352,Pavimenti,ScanToBIM_Luglio24,1
Pavimento: ARC_PAV_PRE_Gen5_5mm,1819556,Pavimenti,ScanToBIM_Luglio24,1
Pavimento: ARC_PAV_PRE_Gen5_5mm,1819571,Pavimenti,ScanToBIM_Luglio24,1
Pavimento: ARC_PAV_PRE_Gen5_5mm,1824644,Pavimenti,ScanToBIM_Luglio24,1
Pavimento: ARC_PAV_PRE_Gen5_5mm,1824661,Pavimenti,ScanToBIM_Luglio24,1
Pavimento: ARC_PAV_PRE_Gen5_5mm,1840709,Pavimenti,ScanToBIM_Luglio24,1
Bordo solaio: ARC_PAV_PRE_Cal17_17mm,1841690,Bordi solaio,ScanToBIM_Luglio24,1
Pavimento: ARC_PAV_PRE_Gen5_5mm,1841693,Pavimenti,ScanToBIM_Luglio24,1
Bordo solaio: ARC_PAV_PRE_Cal17_17mm,1841701,Bordi solaio,ScanToBIM_Luglio24,1
Pavimento: ARC_PAV_PRE_Gen5_5mm,1842704,Pavimenti,ScanToBIM_Luglio24,1
Bordo solaio: ARC_PAV_PRE_Cal17_17mm,1842711,Bordi solaio,ScanToBIM_Luglio24,1
Pavimento: ARC_PAV_PRE_Gen300_300mm,1877456,Pavimenti,ScanToBIM_Luglio24,1
Pavimento: ARC_PAV_PRE_Gen300_300mm,1877560,Pavimenti,ScanToBIM_Luglio24,1
Pavimento: ARC_PAV_PRE_Gen300_300mm,1877705,Pavimenti,ScanToBIM_Luglio24,1
Pavimento: ARC_PAV_PRE_Gen300_300mm,1879033,Pavimenti,ScanToBIM_Luglio24,1
Pavimento: ARC_PAV_PRE_Gen160_160mm,1890917,Pavimenti,ScanToBIM_Luglio24,1
Pavimento: ARC_PAV_PRE_Int10_10mm,1903586,Pavimenti,ScanToBIM_Luglio24,1
Pavimento: ARC_PAV_PRE_Int10_10mm,1903930,Pavimenti,ScanToBIM_Luglio24,1
Pavimento: ARC_PAV_PRE_Int10_10mm,1905779,Pavimenti,ScanToBIM_Luglio24,1
Pavimento: ARC_PAV_PRE_Int10_10mm,1908539,Pavimenti,ScanToBIM_Luglio24,1
Pavimento: ARC_PAV_PRE_Int10_10mm,1909013,Pavimenti,ScanToBIM_Luglio24,1
Pavimento: ARC_PAV_PRE_Int10_10mm,1909654,Pavimenti,ScanToBIM_Luglio24,1
Pavimento: ARC_PAV_PRE_Gen300_300mm,1913515,Pavimenti,ScanToBIM_Luglio24,1
Pavimento: ARC_PAV_PRE_Gen150_150mm,1948910,Pavimenti,ScanToBIM_Luglio24,1
Pavimento: ARC_PAV_PRE_Gen500_500mm,1981799,Pavimenti,ScanToBIM_Luglio24,1
Pavimento: ARC_PAV_PRE_Gen500_500mm,1981806,Pavimenti,ScanToBIM_Luglio24,1
Pavimento: ARC_PAV_PRE_Gen500_500mm,1981821,Pavimenti,ScanToBIM_Luglio24,1
Pavimento: ARC_PAV_PRE_Gen300_300mm,1981844,Pavimenti,ScanToBIM_Luglio24,1
Pavimento: ARC_PAV_PRE_Gen300_300mm,1981866,Pavimenti,ScanToBIM_Luglio24,1
Pavimento: ARC_PAV_PRE_Gen200_200mm,1982086,Pavimenti,ScanToBIM_Luglio24,1
Pavimento: ARC_PAV_PRE_Gen5_5mm,1986558,Pavimenti,ScanToBIM_Luglio24,1
Pavimento: ARC_PAV_PRE_Gen150_150mm,1988141,Pavimenti,ScanToBIM_Luglio24,1
Pavimento: ARC_PAV_PRE_Gen150_150mm,1988149,Pavimenti,ScanToBIM_Luglio24,1
Pavimento: ARC_PAV_PRE_Gen150_150mm,1988155,Pavimenti,ScanToBIM_Luglio24,1
Pavimento: ARC_PAV_PRE_Gen150_150mm,1988165,Pavimenti,ScanToBIM_Luglio24,1
Pavimento: ARC_PAV_PRE_Gen150_150mm,1988173,Pavimenti,ScanToBIM_Luglio24,1
Pavimento: ARC_PAV_PRE_Gen5_5mm,1989620,Pavimenti,ScanToBIM_Luglio24,1
Pavimento: ARC_PAV_PRE_Gen5_5mm,1989634,Pavimenti,ScanToBIM_Luglio24,1
Pavimento: ARC_PAV_PRE_Gen300_300mm,1989649,Pavimenti,ScanToBIM_Luglio24,1
Pavimento: ARC_PAV_PRE_Gen300_300mm,1989684,Pavimenti,ScanToBIM_Luglio24,1
Pavimento: ARC_PAV_PRE_Gen345_345mm,2007521,Pavimenti,ScanToBIM_Luglio24,1
Pavimento: ARC_PAV_PRE_Gen20_20mm,2011079,Pavimenti,ScanToBIM_Luglio24,1
Pavimento: ARC_PAV_PRE_Gen160_160mm,2125225,Pavimenti,ScanToBIM_Luglio24,1
Pavimento: ARC_PAV_PRE_Gen160_160mm,2126060,Pavimenti,ScanToBIM_Luglio24,1
Pavimento: ARC_PAV_PRE_Gen40_40mm,2130732,Pavimenti,ScanToBIM_Luglio24,1
Pavimento: STR_PAV_PRE_Lzi150_150mm,2153014,Pavimenti,ScanToBIM_Luglio24,1
Pavimento: STR_PAV_PRE_Lzi170_170mm,2154333,Pavimenti,ScanToBIM_Luglio24,1
Pavimento: ARC_PAV_PRE_Gen250_250mm,2171937,Pavimenti,ScanToBIM_Luglio24,1
Pavimento: ARC_PAV_PRE_Gen250_250mm,2172019,Pavimenti,ScanToBIM_Luglio24,1
Pavimento: ARC_PAV_PRE_Gen250_250mm,2175203,Pavimenti,ScanToBIM_Luglio24,1
Pavimento: ARC_PAV_PRE_Gen160_160mm,2178708,Pavimenti,ScanToBIM_Luglio24,1
Pavimento: ARC_PAV_PRE_Gen300_300mm,2181640,Pavimenti,ScanToBIM_Luglio24,1
Pavimento: ARC_PAV_PRE_Gen300_300mm,2185706,Pavimenti,ScanToBIM_Luglio24,1
Pavimento: ARC_PAV_PRE_Gen300_300mm,2230623,Pavimenti,ScanToBIM_Luglio24,1
Pavimento: ARC_PAV_PRE_Gen160_160mm,2235178,Pavimenti,ScanToBIM_Luglio24,1
Pavimento: ARC_PAV_PRE_Gen160_160mm,2243128,Pavimenti,ScanToBIM_Luglio24,1
Pavimento: ARC_PAV_PRE_Gen160_160mm,2243179,Pavimenti,ScanToBIM_Luglio24,1
Pavimento: ARC_PAV_PRE_Gen160_160mm,2243229,Pavimenti,ScanToBIM_Luglio24,1
Pavimento: ARC_PAV_PRE_Gen160_160mm,2243261,Pavimenti,ScanToBIM_Luglio24,1
Pavimento: ARC_PAV_PRE_Gen160_160mm,2243312,Pavimenti,ScanToBIM_Luglio24,1
Pavimento: ARC_PAV_PRE_Gen160_160mm,2243350,Pavimenti,ScanToBIM_Luglio24,1
Pavimento: ARC_PAV_PRE_Gen160_160mm,2243398,Pavimenti,ScanToBIM_Luglio24,1
Pavimento: ARC_PAV_PRE_Gen160_160mm,2248284,Pavimenti,ScanToBIM_Luglio24,1
Pavimento: ARC_PAV_PRE_Gen160_160mm,2253237,Pavimenti,ScanToBIM_Luglio24,1
Pavimento: ARC_PAV_PRE_Gen160_160mm,2325842,Pavimenti,ScanToBIM_Luglio24,1
Pavimento: ARC_PAV_PRE_Gen160_160mm,2328570,Pavimenti,ScanToBIM_Luglio24,1
Pavimento: ARC_PAV_PRE_Gen160_160mm,2346450,Pavimenti,ScanToBIM_Luglio24,1
Pavimento: ARC_PAV_PRE_Gen160_160mm,2346563,Pavimenti,ScanToBIM_Luglio24,1
Pavimento: ARC_PAV_PRE_Gen160_160mm,2346885,Pavimenti,ScanToBIM_Luglio24,1
Pavimento: ARC_PAV_PRE_Gen100_100mm,2377036,Pavimenti,ScanToBIM_Luglio24,1
Pavimento: ARC_PAV_PRE_Gen100_100mm,2377075,Pavimenti,ScanToBIM_Luglio24,1
Pavimento: ARC_PAV_PRE_Gen300_300mm,2378054,Pavimenti,ScanToBIM_Luglio24,1
Pavimento: ARC_PAV_PRE_Gen300_300mm,2378069,Pavimenti,ScanToBIM_Luglio24,1
Pavimento: ARC_PAV_PRE_Gen100_100mm,2390547,Pavimenti,ScanToBIM_Luglio24,1
Pavimento: ARC_PAV_PRE_Gen300_300mm,2407297,Pavimenti,ScanToBIM_Luglio24,1
Pavimento: ARC_PAV_PRE_Gen300_300mm,2408905,Pavimenti,ScanToBIM_Luglio24,1
Pavimento: ARC_PAV_PRE_Gen20_20mm,2433882,Pavimenti,ScanToBIM_Luglio24,1
Pavimento: ARC_PAV_PRE_Gen300_300mm,2442244,Pavimenti,ScanToBIM_Luglio24,1
Pavimento: ARC_PAV_PRE_Gen40_40mm,3058906,Pavimenti,ScanToBIM_Luglio24,1
Pavimento: ARC_PAV_PRE_Gen40_40mm,3058925,Pavimenti,ScanToBIM_Luglio24,1
Pavimento: ARC_PAV_PRE_Gen40_40mm,3058956,Pavimenti,ScanToBIM_Luglio24,1
Pavimento: ARC_PAV_PRE_Gen40_40mm,3058974,Pavimenti,ScanToBIM_Luglio24,1
Pavimento: ARC_PAV_PRE_Gen40_40mm,3059003,Pavimenti,ScanToBIM_Luglio24,1
Pavimento: ARC_PAV_PRE_Gen40_40mm,3059015,Pavimenti,ScanToBIM_Luglio24,1
Pavimento: ARC_PAV_PRE_Gen40_40mm,3059080,Pavimenti,ScanToBIM_Luglio24,1
Pavimento: ARC_PAV_PRE_Gen20_20mm,3082478,Pavimenti,ScanToBIM_Luglio24,1
Pavimento: ARC_PAV_PRE_Gen20_20mm,3082575,Pavimenti,ScanToBIM_Luglio24,1
Pavimento: ARC_PAV_PRE_Gen20_20mm,3082598,Pavimenti,ScanToBIM_Luglio24,1
Pavimento: ARC_PAV_PRE_Gen20_20mm,3082619,Pavimenti,ScanToBIM_Luglio24,1
Pavimento: ARC_PAV_PRE_Gen20_20mm,3082650,Pavimenti,ScanToBIM_Luglio24,1
Pavimento: ARC_PAV_PRE_Gen20_20mm,3083173,Pavimenti,ScanToBIM_Luglio24,1
Pavimento: ARC_PAV_PRE_Gen20_20mm,3083204,Pavimenti,ScanToBIM_Luglio24,1
Pavimento: ARC_PAV_PRE_Gen20_20mm,3083311,Pavimenti,ScanToBIM_Luglio24,1
Pavimento: ARC_PAV_PRE_Gen20_20mm,3083413,Pavimenti,ScanToBIM_Luglio24,1
